{"next_open": 0.07188, "next_high": 0.07198000000000002, "next_low": 0.07187999999999997, "next_close": 0.07190000000000002}