{
  "next_open": 13.750000000000009,
  "next_high": 13.820000000000022,
  "next_low": 13.750000000000023,
  "next_close": 13.820000000000016
}
